ID,Group,Feature_1,Feature_2,Feature_3
ID252,A,2369.908196194357,406.5407717597599,7153.109333756827
ID242,A,2204.297994484771,397.10405721911104,7574.303406743665
ID480,B,2877.394094381318,395.89295586879774,8186.242013048163
ID120,A,2700.5340591450185,378.40470465300564,8721.822154768133
ID150,B,2524.5362788872467,388.0307695819081,7810.924865603073
ID404,C,2675.2622912618913,407.2089110863031,-172.4897660122495
ID663,A,2781.8636391934797,429.15376111237396,9066.429537064649
ID529,A,2171.039814410802,390.0502750376702,6820.764991616558
ID565,B,2269.0841344870705,371.491457456007,7500.071909308741
ID271,C,2741.6036274691955,400.2276605118933,425.6505601354999
ID886,A,2536.66333895863,394.22766759040917,8060.076035207537
ID704,B,2368.506184222445,405.488434268521,6823.307507202943
ID707,B,2405.156651164451,416.4910559177637,7264.694295974396
ID582,A,2901.599017066713,399.69273189796917,9666.31721269023
ID509,B,2626.28130361081,375.57215019228164,7862.703138339255
ID800,A,2233.7861760370733,408.1636643596653,7300.390767139777
ID636,A,2504.7378316706827,377.7767639456585,7934.86821611271
ID867,B,2088.0370430818944,411.1347701114666,6887.093439640538
ID611,B,3192.122888326682,400.1473404609378,8836.52819975092
ID155,C,2259.1399967150123,405.8568771292304,614.7511009621624
ID429,A,2936.067016302028,397.49306181308117,9125.063736869097
ID807,A,2998.6186573487685,413.1521045730285,9246.823865577779
ID493,C,2271.9042870161998,403.1085210233263,697.0676982156897
ID574,A,2276.9983282755247,425.18001881895214,7153.974253680161
ID165,A,2612.640845750509,415.68663657496523,8510.473665481279
ID746,C,2467.7740586125333,381.3202508906679,-39.56004092377351
ID316,A,2263.291062607267,385.1627406376298,7368.960486466125
ID633,A,2184.0569129589494,410.56035896807333,7275.164665151068
ID337,A,2962.2490881730173,416.6804876343997,9179.080269737688
ID305,C,2334.1451327154637,377.89053969302165,795.3136312370232
ID428,C,2400.5303745236783,432.2957131808562,617.0540007843952
ID265,A,2469.1144814942513,396.0666462822713,7402.377202079191
ID854,C,2611.2622745018216,412.3422526442474,409.63717108229457
ID697,B,2641.050311152245,382.223355699045,7676.195562787137
ID660,B,2824.257094313714,401.5170015861492,8168.315891555471
ID785,B,2853.5915692298363,396.8723244409235,8268.505475808885
ID517,A,2582.2313031181016,395.55683822305286,7906.312226134683
ID543,A,2344.5142200116575,401.9863972221442,7826.131928444898
ID683,C,2224.0743392705554,426.8714761926462,895.05164855143
ID891,C,1937.8691928564003,412.02225350300756,1199.1808724089885
ID436,C,2087.3336079726973,395.63044575622894,897.0271248606259
ID215,B,2538.969164851803,394.02198184375374,7925.707198888062
ID632,B,2347.981906730755,431.6013960918874,7530.9764054382795
ID569,C,2617.173800868179,402.6043757270238,91.99420532777468
ID203,A,2309.1103341233625,416.4637215564817,7791.396082896809
ID772,C,2318.6744246323206,377.72949111815024,401.20780386373167
ID856,A,2107.3785574672097,412.94915753295106,6480.250238948522
ID521,B,2375.501414201118,404.3745110066401,8055.09069184328
ID796,B,2319.9850904414507,392.63413549081235,7104.153090238939
ID222,A,1765.809110190106,414.6997056979038,5805.919998927733
ID767,B,2830.7259484557403,400.2031805067847,8483.072521099444
ID467,C,2329.628863004526,408.28757755925324,837.3187168875646
ID576,B,2723.3732561623037,388.1895216523929,7865.269930408178
ID204,A,2897.755624850816,409.6273918288662,9445.98966685795
ID105,A,2645.3521127537447,391.4049603231311,9078.741527069906
ID556,B,2865.4345251419354,375.4803879558555,8406.651574684205
ID444,A,2561.0871117255388,385.8477644592674,8210.116162336559
ID605,B,2062.8716037540075,395.77198787655135,6938.186962446789
ID140,A,2702.529883317179,420.8236229926208,8195.528450496227
ID729,B,2472.868792941986,397.36224422696677,7197.841552302534
ID610,B,2043.024362180314,376.7810942013522,6483.996460886515
ID878,A,3225.1949812423645,417.4245486291439,9580.931549050014
ID892,B,2222.736960370035,381.56530878106753,6971.158550929567
ID116,C,2315.110023472065,378.4284258756265,690.741743966196
ID233,A,2466.319530181639,424.30963268820614,7776.154850555697
ID527,A,2714.401017977218,409.21280305798047,9164.283691114912
ID220,C,2109.6312171865084,386.3585976247052,839.8373443001506
ID671,A,2213.5879640039147,376.44180679492774,7235.157273266958
ID321,A,2504.345518258796,397.7180340961951,7824.579067893191
ID255,C,1881.6813249068084,395.86843445971596,1290.1592650885127
ID872,C,2198.115467317838,372.81760273302194,288.8318053888163
ID142,C,2169.5438376494712,405.25574905178627,322.73032831338537
ID572,A,2011.42856568253,415.09852333982184,6475.700466751958
ID559,C,2562.2703311426753,391.5327801411657,527.7615581917239
ID279,C,2738.8367003334506,389.9906964190798,335.79574506265664
ID207,C,2032.5998465606922,394.1010567282736,976.5702594742472
ID434,B,2290.1555420215614,392.82342442451386,7644.42704649243
ID239,A,2450.6853659634244,376.97516288134324,8175.063112553258
ID860,A,2074.305676212845,403.7136540510208,5946.2967696705555
ID216,B,2658.0753858084668,386.79525709384956,8170.200480901627
ID328,C,2895.807681024219,394.4105468074999,455.0156352422442
ID166,A,2516.0897551881058,395.3421891132157,8628.480240786892
ID284,B,2573.9509530805453,380.3089230819804,7745.163331425483
ID591,C,2571.8832063509794,411.41265586125644,98.1439379943507
ID720,A,2768.6027219803077,384.99351813383964,8700.64940546235
ID160,A,3033.790724891891,384.210418365178,9687.777031037926
ID890,B,2227.0632449686964,390.25278869755215,6950.224428333025
ID880,A,2612.9070533200193,430.2561694236268,7834.490440961473
ID823,B,2504.576757505693,424.78043903072376,7358.212636299038
ID724,C,2248.31018771044,383.4915383089016,1009.8965484297869
ID851,A,2735.893627252065,391.84898853449795,8747.473280016136
ID365,B,2642.2479047976135,415.02065709132125,8289.477794230952
ID783,B,3025.4860413111473,408.8848497211764,8588.890657860638
ID898,C,2622.5564806997713,394.0438818838297,-234.31242023092608
ID376,C,2034.3456673430956,390.3110267890236,877.1396683636783
ID112,A,2870.931711396936,418.4746166235441,9071.505765065438
ID139,A,2655.934999217869,398.78895568430283,8497.331993287318
ID579,C,2332.5894999324887,388.10346601835136,445.98245672568044
ID103,C,2392.9860530547085,391.67655419494224,582.8924494047865
ID389,A,2879.892610194139,378.0692078414603,9361.724564240227
ID542,B,2145.3955006336428,448.0474365761292,6524.710740541999
ID744,B,2452.4210873942498,417.7935482181992,7329.527415361293
ID715,A,2948.3314757971457,420.61307057999807,8877.34763013705
ID264,B,2720.4160346678636,420.620863823557,8180.598113394499
ID557,B,2403.197300822,427.14915776993587,6964.760365398106
ID643,C,2311.588523682082,405.6545230951819,1128.4013410086939
ID267,B,2528.1730255949255,392.82849604171196,7450.602089892447
ID212,C,2395.287972891292,406.2516390309068,512.9799604662455
ID727,B,2866.0084984184273,381.32021830341,8664.562151688013
ID589,C,2494.3377167299745,398.4095842051085,618.2943709273055
ID620,B,3009.5144270779415,388.17122346358383,8051.807227743969
ID835,C,2266.120139875906,403.3995428155414,804.7911971142506
ID438,B,2474.382363324117,403.96722987322556,7662.3805204021255
ID801,C,2372.169350812062,399.11619589694055,-2.687498666971859
ID495,A,2731.7551251747304,394.20193833155724,8485.620022360088
ID852,A,2473.3426551983325,414.8089386003286,7740.33563884257
ID426,B,2070.635430385225,417.9483525999914,6858.278838751733
ID194,B,2359.3344851521183,400.61463566613054,7197.592804317944
ID730,B,2653.6777258644474,391.67556128861025,7190.886223878207
ID144,B,2611.8945232524843,426.1708589109477,7414.394374001608
ID481,C,2861.9021397001266,384.6665083832212,-138.64169327012038
ID769,A,2420.868695602941,409.94110610445273,7275.53019968766
ID461,B,2321.7300240280288,417.39959595239225,7611.731807327202
ID132,C,2242.318463388778,362.48028781988353,431.873494168687
ID586,C,1732.351213610626,381.6397820789014,1164.0188817812225
ID409,B,2833.1343865547847,367.69884315338766,8371.315834273495
ID229,A,2681.668927372957,392.322974113086,8513.456273559088
ID725,A,2882.198807948828,388.9821247973082,9104.833434117294
ID113,C,2705.9839972782675,402.8511245566208,70.76800887820814
ID758,C,2457.7614170826705,389.05056896065156,616.4709319783807
ID792,B,2623.256642259189,393.50337638572546,7757.933321714306
ID520,A,1873.9873148781646,395.39637684211357,6174.240809045057
ID607,A,2355.106912267945,405.55611331943584,7765.527613385477
ID500,A,1810.7788672207496,385.7333261925503,5404.6211437769225
ID680,C,2368.619453133791,406.87108886455957,847.5040455777904
ID688,B,2744.730002715989,392.4634709087065,8000.643832331106
ID148,B,2527.974590205641,371.5207122333521,7795.634450900335
ID538,C,2279.581090915742,396.29284296668027,406.1692239528436
ID450,A,2675.383315793921,396.8173500408962,8924.836222541546
ID352,A,1889.4861048796424,408.64282596975266,6533.8712458800655
ID619,C,2637.3805253741243,411.6698908333143,-313.31520971631215
ID385,C,2659.450164439019,399.1372931296728,-538.5170697475685
ID190,B,2464.5314743702997,375.3624931869916,7238.975844769452
ID562,C,1945.2999982491515,386.5241071745051,1090.718682074123
ID555,B,2448.9980425381787,408.8761090278682,7625.669919005031
ID205,B,2781.5989270399564,393.5830606398718,7659.765127187543
ID631,C,2771.860896208568,381.51553728256056,116.73961858108527
ID443,A,2954.699160729264,422.8657466655446,9228.984202600395
ID213,B,2928.4149272343157,389.4172178421939,8191.921377671086
ID778,B,2728.674186084412,410.4789739298345,7398.7049824820815
ID678,B,1900.6014352144598,393.696657542558,6106.922714495273
ID484,B,2518.5502673769033,363.5662438275827,7420.444537137514
ID805,B,1630.2203172080053,411.67379025814535,5496.94438752363
ID360,A,2549.6751429440897,419.5200316840646,8113.347853782403
ID853,C,2484.3689603739663,375.9576992365984,347.90443573851536
ID718,B,2855.8871097788483,375.23767618735917,8691.279551126863
ID642,B,2271.763854006983,399.06481213903487,7132.743666732213
ID345,C,2293.162979570672,399.9042874898012,-48.0968899346539
ID858,A,2419.7332240057212,399.9317919744236,8137.3038929029535
ID673,C,2799.0627231552266,379.9627205744505,133.777390522333
ID449,A,2784.7594363819353,404.55351358797014,8924.141696241613
ID794,B,3056.621391845715,375.04340103948573,8845.767936278577
ID298,A,2123.7448222874714,393.924906462687,6860.77264504412
ID882,A,2920.196745526023,405.4320342906359,9180.075985700665
ID706,B,2599.1314288873227,400.81821198545066,8242.823489791845
ID850,B,2500.016066634379,390.3511043894659,7625.088719791119
ID661,A,2396.9309137363043,399.77751010097546,7628.302915790371
ID346,C,2796.6781093860573,399.62712509059423,-572.5511469096845
ID888,A,2548.0845885001263,393.6786246712596,8142.4442580490595
ID322,C,2200.4173241243834,400.1474997683483,584.3130101042545
ID363,B,2402.4456533959083,394.13162094364196,6949.766065318687
ID118,A,2514.956219531793,420.15410028668674,7821.5578544219825
ID788,B,2457.4554301933954,410.3072633932553,7108.890851059579
ID174,B,2478.0770192265777,399.0725210267866,7642.0717586675155
ID325,A,2808.2959675774273,400.0908288278468,8729.449222202853
ID768,A,2968.205592308957,371.86650896127134,9560.966285820463
ID414,A,2242.8694226043767,394.0723374375385,7073.048676413365
ID349,B,2857.483908937863,393.66143042232056,7919.318962386262
ID422,A,2644.3651682432865,401.21906371805153,7901.773792764148
ID374,C,2895.3789244242093,389.3411611464919,-97.93387040781197
ID596,A,1991.9787753211087,413.2871249069248,6639.493731150913
ID128,C,2747.203373299564,397.3100079709335,637.5428830801749
ID840,A,2335.8283348480054,388.7363679533687,8241.09970624082
ID107,A,2088.8276919577265,410.57459643616465,6943.351443686345
ID755,A,2423.276907400198,413.24755156111655,7818.013288773463
ID415,C,2599.9132752464575,392.592136648142,4.858654890985845
ID110,C,2473.4711217874506,402.9134469446712,460.96585011779
ID641,B,2185.9561559546155,413.81982329880145,7062.2020458923935
ID266,C,3241.8247213856753,422.59219483130653,-601.743030942867
ID460,A,2931.551244381211,413.4734760904859,9187.862536377579
ID292,C,2568.680116372944,392.4972648642605,-30.443743218191123
ID714,C,2839.6446243478604,400.3973630592328,33.83135803166334
ID819,C,2949.0798151472486,390.62497318988983,76.853163227859
ID109,A,2708.1214545468106,392.1949319279322,8829.137589585658
ID224,A,2346.722839229942,422.5764231613112,7306.470576824587
ID507,B,2546.7823610357173,381.92041698824465,7586.122462662756
ID760,A,1807.0719119804412,383.8543652593421,6141.648046749434
ID119,C,2563.7103386310214,397.5264889823661,375.4137893717287
ID447,A,2306.9307087852817,401.04190294621174,7779.100816704574
ID238,C,2772.021146540069,397.5958847684378,283.40257199009443
ID879,C,2670.7907535064655,420.6551531593365,346.2346659340527
ID710,C,2259.265171079375,397.22055459895887,1047.888248206697
ID282,A,2405.241524143836,417.58812953751885,7833.23636071225
ID713,A,2443.502699987025,379.70004171225384,8501.51088165964
ID272,C,2460.1068338416308,384.10741195137336,29.829668765862777
ID466,C,2838.3008703111173,387.7815554101534,-273.1441172505023
ID102,B,2681.629316132524,385.50101750812456,8105.538504104404
ID127,C,2694.5841008146335,386.4349721440631,291.0136068644203
ID474,A,2278.4274988522684,379.61172945562134,7684.983970014023
ID336,B,2584.429180752,408.41790048711954,7756.4826086802605
ID554,B,2229.3314966605562,377.7304285636773,6716.063962249772
ID873,B,2187.5614082927996,418.0531537220476,6961.505965570121
ID153,A,2574.8481199747907,416.48046724853987,7966.30229418091
ID492,B,2561.922897919527,395.55211624893843,7221.836065741963
ID101,C,2438.6604364436475,380.2510113919566,461.46744605712234
ID469,C,2790.053840439712,395.81219367482504,75.98633815346614
ID348,A,2283.9232340937606,405.86887511517534,6979.657346897058
ID552,B,2352.857022581196,393.21821992878114,7590.3535504584315
ID841,B,2441.3065301885704,404.5417360443889,7469.849267442304
ID117,B,2570.7774002338924,407.3910849383875,8036.939317866388
ID814,C,2725.9577178932964,392.3044104345568,643.6922863429805
ID516,C,2916.4136644785044,400.51912605700915,13.415370038023894
ID599,C,3016.9938450548566,385.83399445252417,-233.81646594389403
ID780,A,2457.9132724405204,379.2051037973439,7646.910583611402
ID547,C,2521.6487340656313,402.9361650247504,637.7634526808032
ID762,C,2197.832893587888,415.6867239392714,778.0617060775063
ID152,C,2729.7350953070227,367.0595824083781,-454.0550549534523
ID193,B,2719.6404179284427,386.1302782588735,8297.761349951727
ID309,C,2656.611815065085,421.9303402839845,710.2320495731964
ID361,B,2926.8045192292966,404.75631143154664,8335.440238841715
ID575,A,2670.1506825917154,409.8033407661601,7914.988450596833
ID111,C,2507.645555294527,407.48292337936687,338.26555142370023
ID499,C,2779.425705256862,415.00504917494663,-85.82338987514339
ID463,B,2132.4973532804615,403.2093470197836,7196.5259794564045
ID723,A,2895.6317647123783,380.34823175486196,9385.070466432875
ID393,C,2930.6465437598736,395.31949395563345,275.82125856491916
ID534,A,2993.921457115774,376.4876218110562,8840.734593402645
ID742,B,2790.958509192776,411.9414586230992,8046.752172433243
ID808,A,2158.91832973644,412.30434413815635,6683.424287536529
ID211,A,2508.7192852032344,418.5596704577944,7787.651213401295
ID251,B,2495.2493008063193,401.36844421870757,7189.830889283875
ID276,B,2855.6540234557688,367.80636841835576,8641.44554390891
ID743,A,2410.9438862426978,389.6355397430158,7853.691850431976
ID812,C,3062.8909194701505,386.82500744957576,-336.9964269215766
ID820,C,2016.4103668996033,401.1634882157165,1062.4463601594332
ID412,A,2656.627060021962,387.02603970171594,8429.777495459091
ID798,C,2532.6014239644887,404.21258307479235,408.5846697979883
ID630,B,2472.290897077033,393.1999471311794,6995.483939226024
ID889,B,2579.657266101932,412.05804533556704,7599.028505825028
ID135,C,2347.835832857263,390.9699701284816,832.2117190752989
ID406,C,2266.78591769591,405.5420055758064,430.9424692115274
ID843,B,2522.311100185017,390.8794726523157,7899.6988672606285
ID781,A,2424.3837376989536,413.10900079296886,7785.085301285658
ID441,B,2859.6387404496263,408.6924940980709,8379.920865606564
ID338,A,2520.317157833905,414.6430753153365,8040.736102824065
ID726,A,2066.2620609801183,415.1405976738471,7067.401335693297
ID479,C,2539.5348955207423,377.38665883271136,494.5342940618873
ID761,A,2478.8166999675605,380.35639820376514,8005.274023155578
ID601,A,2465.503907703158,428.06143645217105,7500.1594992591645
ID883,A,2630.407137121804,404.19656738943905,8077.663536085584
ID588,A,2509.765842611818,378.40116512362414,7725.345613064962
ID608,A,2625.955002489791,407.60363057452713,8138.19579885188
ID452,B,2729.5463065466683,399.2357673760038,7782.947908357395
ID158,B,2917.411566805853,396.2331985929731,8197.388209515288
ID731,C,2806.599316305196,372.0611363027713,-33.151782684212606
ID178,A,2805.764148355516,395.51180183422883,8963.74548516908
ID304,C,2229.190854763221,406.08839181977953,615.7958487463354
ID396,A,2486.903974225395,400.38746930646784,7360.685560758562
ID219,A,2400.043729268557,390.59900153335434,7265.137480604087
ID532,C,2312.4206790073254,425.0244532334563,631.262138625765
ID387,B,2463.65445856487,413.41759371307285,7023.67121968148
ID314,C,2447.731564862093,439.5949006323356,788.7493897143713
ID668,A,2477.844771105361,408.01357202224773,8039.7507744373115
ID829,A,2402.2596053086017,418.8227107513227,7474.398048420179
ID765,B,2545.8715725506186,373.87637112049856,7192.866841141727
ID334,A,2547.0409465275256,393.7632268020138,8460.845934019144
ID483,C,3041.182027255866,380.3583350465469,-269.0070609233479
ID311,A,2646.837657752834,403.0644325555182,8632.528746050162
ID464,A,2459.8269150868787,420.52841776337715,7387.875336941366
ID836,A,2808.1980151437792,407.808781666231,8939.032662075837
ID270,C,2481.8009162765957,392.38771862248615,282.78336188382826
ID624,C,2826.3624159893193,394.81498204398963,-52.35395829400292
ID186,A,2315.29173819367,397.24363248547894,7323.968117871649
ID711,C,2495.86115660244,385.5350083368483,824.5177329060053
ID647,B,2436.737887796362,380.3143163385931,7167.330815470415
ID833,C,2004.0262235797995,398.4886034894029,827.0777994874221
ID391,B,2358.0496587656476,398.3406961852261,7342.858121303717
ID681,A,2375.226063341827,403.3280659322278,7880.172196856955
ID168,C,3101.984466394126,370.1987273124416,-272.7841775496222
ID138,C,2573.2681844753906,410.9018856968114,453.0168489126006
ID667,C,2502.9801846788473,401.92754464547505,360.6231460026392
ID686,A,2210.9617082688487,410.6414524651949,7913.382770025601
ID134,C,2581.205660914012,428.82894690694224,39.073825240957284
ID368,C,2635.037130823107,383.3312353293195,223.74592871918836
ID535,B,2985.752792035155,420.57556492413806,8386.009344188215
ID293,A,1947.0199969417906,399.878164381613,6627.468233049104
ID145,A,2545.3007989286043,416.6337203985436,7901.050889340954
ID280,B,2519.9700512651275,397.73248129673465,7621.2905877663725
ID448,B,2964.5056888496892,380.62138985088114,9043.811791655688
ID735,B,2191.0659217145476,421.4115014688761,6597.253478410561
ID705,C,2020.6751086139893,398.6527669550644,785.459501973945
ID699,A,2553.3130727242055,409.6817111423534,7993.260678239293
ID700,B,2313.612129380854,410.88582557352277,7245.557421412442
ID378,A,2329.1658557005962,384.372340426413,7363.4350597474
ID550,B,2824.1058126582097,393.8776475004171,8159.354970040131
ID442,A,3336.9604457193063,389.83766413976844,10757.063296437746
ID373,C,2296.104255485903,391.7215365431661,929.9573881533249
ID524,C,2930.9753922550103,410.7819380596453,597.9584264694065
ID748,C,2247.602760642405,395.3215451872793,478.1282629047767
ID825,B,2733.4941205775676,402.0171760623105,8275.099577537705
ID644,C,2364.0536575896576,372.3010090587268,31.658128922246384
ID690,C,2232.8846563235666,405.548009272107,321.61781400915373
ID664,B,1702.1410525397418,417.0416718867645,5433.799644096318
ID824,A,2511.853290281658,384.89988118886424,7966.337039449636
ID736,A,2137.955200732039,410.9281028060911,6704.342518692015
ID618,C,2995.6296591936184,381.44510136084057,389.5282731742481
ID162,A,2716.0085380465757,388.4626127974617,8734.287045010764
ID243,C,2590.8694887591237,399.304106237825,-161.14765577178076
ID137,C,2836.0667281354054,426.13566828120634,247.98571606696447
ID231,C,1916.9856477624116,373.86388477335703,1195.9623466437745
ID866,B,2676.9506731698234,399.17779662999055,8366.253160043947
ID310,B,2248.931712909168,410.355496847697,6247.750730277932
ID519,A,2392.257328534103,412.0754455483227,7937.867189568383
ID501,B,2406.2964265512496,404.09502441096436,7650.307264939189
ID669,B,2763.3777235699295,414.2897846124082,7958.2322734355375
ID672,A,2586.814599497393,425.39935816906313,7825.885608939341
ID257,B,2380.0641436844066,378.8525031084639,7188.5897000269215
ID578,C,2411.4009985688194,395.06708600980244,772.9281602959909
ID530,B,1896.9267040850636,413.23611907485696,5841.5166776194565
ID371,B,2860.928234984625,406.62742296439006,8559.042443410299
ID195,B,2028.1296120089053,410.6731628601177,6933.541002214551
ID384,C,2529.5156417183985,425.2266184600809,414.1778145424421
ID826,C,2769.0308731776686,409.9657837775107,161.49346118025693
ID330,C,2573.701963811957,413.772739882502,516.09037805234
ID256,A,2521.495289320771,386.5357398050563,8391.99720653277
ID722,B,2954.9286506445915,397.0255776312823,8971.386344552819
ID133,A,2967.0306976762995,397.27438858070576,9415.374147276152
ID164,B,2826.3708624338137,402.4644748232321,8039.661443157524
ID490,C,2477.093964131583,404.61200396360454,-426.3043807465808
ID834,C,2403.4679714341833,408.6589651753643,980.3863238624463
ID179,C,2506.353462354496,420.0022674874333,415.6171016224359
ID881,C,2123.6139974529196,394.9830321459997,821.3631344781583
ID777,B,2353.323559686783,405.38414390608773,7606.24304286597
ID445,C,2060.4450590763736,416.01657295504964,652.2956354893828
ID827,C,3120.3911403260245,419.8915668671468,376.03680564435683
ID126,C,3016.105776332607,421.6496925602499,-10.738949063336857
ID167,A,2088.797778898991,401.5578477266429,6893.254173535653
ID485,B,2308.9038661117343,386.2637429586887,7105.418652722124
ID583,A,2767.833762588816,382.11995366601536,8306.357925863238
ID289,C,2807.972161774521,417.28217531467754,278.4030505841444
ID692,A,2332.2427876258585,418.45285118889825,7477.2424818485815
ID545,C,2731.8062157812537,397.71445898644686,-153.96693506162228
ID209,A,2414.7856699758786,402.7316533839067,8180.718810281932
ID397,C,2171.3618950393097,405.1596362242497,935.5558245689972
ID392,B,2618.9288842087244,430.39377183159013,7723.8305194687255
ID629,C,2307.9303799908307,414.4734158900919,1182.8339652301981
ID594,A,2230.0132900425706,410.13780174776707,7112.62907068656
ID498,A,1983.3437862175701,395.88769692831136,6580.10210186928
ID600,A,2714.2350093973387,391.5272522904901,8786.711747218827
ID245,C,2156.3617181338454,389.75916325470075,1003.5160997961851
ID379,C,2343.0720185661085,403.9186333698152,634.6016440655933
ID526,A,2533.799245435977,409.6470801278585,7731.11249144197
ID652,C,2659.0647121428397,395.52691203165733,629.7244313739656
ID307,B,2551.2838067609173,385.49154361236265,7170.874575881891
ID626,B,2836.821798976335,404.2596629210476,8314.83678799458
ID654,C,2441.201090607443,392.4912019116326,794.6285845533457
ID413,A,2343.723658710069,400.85297495080334,7272.370451052186
ID147,C,2567.7746460740354,393.87336865426056,-217.31551153932242
ID795,B,2368.9274820643955,414.27505262658593,7696.927910123636
ID771,C,2279.963313957178,407.3182083835669,611.1698546374147
ID356,B,2040.926474740154,409.20587159887305,6141.442040173274
ID838,C,2887.4760457780712,372.3497489238643,475.3225125975223
ID802,B,1920.4128510171877,409.57059513470927,6190.3429842484275
ID343,C,2599.6875959374743,409.04988433016973,217.23729182876576
ID563,C,2561.9336524566147,416.6430055774737,597.7259645958491
ID277,A,2153.6402289803154,369.28573696012006,6490.672009244511
ID274,B,2662.283761963727,411.60513462021333,7814.2144536781625
ID696,A,2565.7336316345854,384.8155376060397,8219.46088211805
ID741,C,2915.064961748562,390.61528971217984,119.59423901918743
ID809,B,2638.7792741573976,410.7673297372641,8129.207755880538
ID674,A,2331.9322380662743,380.73114400844736,7634.165689520474
ID440,A,2228.1557738102133,409.71445610421335,6812.424336250488
ID774,B,2535.9136107479626,405.62775090703457,7209.1855705585085
ID712,B,2655.5515609685895,398.6814161708938,7808.572759625731
ID670,A,2364.421882464387,407.46062189898873,7639.933448508129
ID623,B,3003.620723331043,387.1405911738953,8522.275884253619
ID539,B,2175.123770694082,401.77533081892403,6551.665130610318
ID273,B,2788.9709978069836,403.614853996071,8341.21890473606
ID351,B,2124.822836274375,405.35809021759707,6658.826614119623
ID625,B,2645.654380122148,370.02662768338223,7304.830809335142
ID108,C,2675.606364682721,384.5963403401274,28.072605918121795
ID478,A,2579.9576664511283,398.3240315734697,8485.517296350421
ID615,A,1980.2686592404812,416.58926855598907,6582.49286206425
ID123,C,1870.6248091695898,394.2082677243296,702.4799287571732
ID876,C,2793.56661126641,399.8116005652729,129.5407910710172
ID241,B,2412.7952518102566,386.71787530305545,6941.537295909588
ID698,B,2545.210074558347,418.92775179903595,7815.269883755507
ID419,B,2683.1007275446573,413.91811066484036,8086.536242831372
ID577,A,2774.8001478018655,377.6529199475807,9177.176919061007
ID666,C,2619.187498172098,406.30484121206825,142.83694467624383
ID235,C,2240.2122392142574,403.64253638126615,1163.0730833223968
ID456,B,2159.393281274397,412.8477845797514,6601.557639400649
ID571,A,3013.9467424926515,397.1031302446451,9771.135413505624
ID161,B,2396.9345648950975,390.97802893832,7454.081222756477
ID831,C,2814.8746251347225,397.9539715930421,51.86181174092583
ID380,B,2171.057361965996,430.71413181430245,6985.296391854794
ID763,B,3335.3778166897755,394.2236183246589,9501.899151599908
ID635,B,2436.9316308876446,385.76326423739636,7631.380133164626
ID689,B,2185.492828616662,412.3969946442315,7021.695603042435
ID122,A,2318.272294711387,407.164455413706,7294.527829868128
ID176,C,2833.994761288821,401.73927879205445,58.39207368122803
ID323,A,2625.0585077189735,380.2734987730405,8826.466407996626
ID262,C,2392.022905873383,381.0096815349068,680.9920020490114
ID612,B,1999.262115499879,405.5135172574887,6321.283195217722
ID662,B,2066.8773515460452,407.4840003013914,6678.726808398248
ID327,A,2309.307446852749,416.0532058026046,7662.996682040509
ID329,B,2447.8629571696224,428.98406177963955,7556.0140372859405
ID306,C,2640.2343910811924,420.49392526685557,431.47469542778373
ID320,C,2476.428384645461,389.8530677653386,165.98908841502902
ID728,C,3132.812576877624,394.8002565337688,385.0390222581685
ID430,C,3027.633133462296,393.3281676441722,-304.66842829162863
ID355,B,2333.8645031062215,376.44762543887697,7015.7368024769685
ID405,C,1707.1859719260135,411.56862389315916,1108.8472831225868
ID488,A,1950.5193823896202,401.576816950749,6381.559358117355
ID136,B,2921.007613919142,408.503112621464,8215.770230245007
ID390,A,3027.573724698715,409.12657307991793,9357.559067398248
ID382,B,1999.8448744177867,407.2566168455789,6201.313691965808
ID739,C,2260.0243445419314,397.52394557005556,502.5282122172032
ID189,B,2047.2535273179874,386.32127366722847,6803.698722873887
ID427,A,2805.61909246186,413.79678534015693,8578.447569203028
ID300,C,2750.6882580395536,400.18666376517876,231.06613046904675
ID595,C,2506.576408246046,433.4618212678764,847.6258136303034
ID799,A,2461.723161298342,391.86055446348405,7757.164781589827
ID685,A,2934.864061246044,398.53097364325845,9390.029212359996
ID869,C,2284.8358031109897,424.02472921460725,495.28681125374936
ID752,A,2903.8297388333967,419.9471080478081,9160.989530261266
ID175,B,2345.189353694742,397.63896211353875,6946.815622921874
ID584,B,3126.204465938429,402.9249618134477,9026.87376526215
ID653,C,1765.8872300641135,383.7715960988382,1551.5823488421975
ID286,A,2622.9025893711437,397.66925640583696,8406.66908242716
ID335,A,2329.711433822452,397.7950968901217,7449.915484115157
ID344,A,2347.178233533421,381.23487292340235,7795.603952454975
ID192,A,2727.504194883312,409.3984028112825,8720.234170147027
ID592,A,2819.018543621297,406.83262357536455,8943.113321338213
ID169,B,2048.5002503734295,408.94751605354634,6626.972661352699
ID369,A,2756.7095404853144,414.80362208792576,8440.265499620535
ID159,A,2683.8128198464296,421.72414365750853,8508.606126350705
ID616,A,2498.50044336949,392.2493392163651,8430.993796303283
ID170,C,2302.747188070384,388.9782547860782,898.8605500657619
ID455,C,2949.0996146251064,394.10057939948126,-1.2181185862468116
ID861,B,2331.2935224769326,405.25004327946976,6386.703759034006
ID558,B,3002.1283073797017,362.6971090134129,8498.031522966083
ID702,C,2909.4632771887677,377.71432648800356,328.24209011530326
ID816,C,3267.2967307228964,411.11614767529744,-754.2727978688658
ID561,C,2432.000829227918,378.18720984434486,301.9978768120111
ID806,C,1773.3200913008225,387.1483296928926,1026.0474002095373
ID504,B,2624.6155189696888,407.4663465767503,7923.671326131576
ID751,C,2727.9533739384024,423.5024547980519,886.283550429888
ID184,B,2694.2330863851093,402.3123612687025,7572.2720919478925
ID433,A,2034.1756955844921,361.7935155577083,7422.939842948652
ID513,C,2603.833060394176,430.4560041454931,509.3361916001452
ID874,B,2566.721575189355,387.3943305822845,7150.199096301863
ID303,B,2149.2306934063986,411.7208035457202,6267.291067271751
ID476,B,2047.1293503473157,405.05435240024855,7031.630911798356
ID254,A,2350.865585584906,400.43236580326413,7394.24901791505
ID124,B,2743.9867197106946,380.1493910597992,8522.080092329785
ID870,B,2718.9215595299715,402.3448690327285,8018.992842434866
ID645,B,2389.089253675645,383.09664565582347,6981.05798164448
ID779,B,2758.69917588877,392.2322213028075,8066.783993053126
ID828,A,2795.9037217360205,373.14327082648236,9166.596822267622
ID386,A,2604.106705441257,400.9691951433648,7988.915073529108
ID848,A,2011.3212393340507,389.39921160152755,6463.106688991819
ID283,B,2273.0689206848456,389.1373925266729,6686.898671570247
ID875,A,2415.5522299142694,402.7546720210052,7272.787557791399
ID789,B,2537.2434412053217,371.3995997606685,7731.7664088670335
ID614,B,2432.502268192833,400.9005548401495,7166.212922369218
ID420,C,2273.068341539324,417.9620601022718,781.0137820460714
ID367,A,2743.4663358767957,372.80158751767664,8946.658889155182
ID423,B,2479.0066332472634,379.54164345413614,7403.543036788269
ID900,C,2649.540510165573,387.2054981816311,-321.7822710729552
ID154,B,2768.4555032586336,391.40985816587005,8207.15967956538
ID687,A,2950.473649399696,416.29627356596643,9104.541719345973
ID494,B,2774.3301225384926,412.6037319498214,7991.345514413266
ID278,C,2778.063412571691,395.27726639527646,-50.95961873216256
ID502,C,2803.8198776978024,392.0229138308775,-218.05848159509014
ID411,A,2224.6163120438173,390.7826336210665,7142.899435613437
ID377,B,2185.493023529242,418.2010644747616,7047.968146606709
ID417,C,2461.0613650238847,413.5398552840568,-23.739893108094655
ID675,C,2685.679004749513,384.23528925710093,628.8106359862559
ID709,C,2429.228896108862,402.62200949647433,269.3742527557129
ID131,A,2602.26885600707,412.2596062566372,8497.89619235982
ID146,B,1803.7273998876562,390.31363990041586,5898.757979453512
ID125,B,2418.304082882429,394.99534532291773,7145.849853191794
ID425,C,2678.9714718242476,384.0925879035638,327.77771561257134
ID232,B,2884.2955326963183,392.64779763812885,7979.978953330832
ID275,A,2414.737053139341,398.50914405145494,7809.025198095289
ID708,A,2585.96507496305,406.6450868628673,8141.928391355499
ID523,A,2443.4946735559383,416.46296568792724,8024.328199756825
ID766,B,2349.2592251604806,419.1975852299299,7867.339748290661
ID855,A,2713.4553937088526,386.9545334572086,8563.282740827788
ID437,A,2721.0784570467827,418.2783268947484,7954.888096762628
ID764,B,2934.917718584366,400.3575978732466,8390.945376621494
ID199,B,2184.2429293149403,383.45392047393455,6514.89881222105
ID439,B,2466.8005609328147,409.7516976910548,7466.291812789679
ID156,B,2571.372734817471,410.7800744955036,8052.820330592064
ID312,B,2320.281606425562,365.0554980853337,6893.625457524433
ID187,A,1980.6549497313085,382.9249061110723,6530.2838335879715
ID684,C,2696.194596709387,411.37460540956135,-112.14359138600197
ID182,C,2420.5622179472984,378.84556750591304,-234.9151364050183
ID857,C,2677.93530584266,404.3195168530884,280.1007329460985
ID793,C,2451.5153341854975,382.7378563012076,504.6615029746619
ID738,C,2811.205271124289,421.0998381110085,503.55741848585996
ID585,C,2991.8148834677554,387.0365306004868,-420.4331456597136
ID693,C,3075.9100242398226,394.0632418696178,411.41526047563946
ID719,B,2108.259224323628,409.7660965237001,6150.78199165382
ID737,B,2709.645602775053,406.8068354751567,8592.865715852506
ID281,C,2806.5118326527163,382.7565915868201,472.0902679214575
ID609,B,2187.093324133128,401.9672695705661,7094.83157694186
ID388,C,2984.058626202993,399.9460737057172,-97.12848202283553
ID721,C,2590.259784191606,398.67855670657093,557.0328092176923
ID459,B,2310.265672938784,386.9672997887505,7010.225754695473
ID301,C,2578.2725635062307,409.4488296992828,687.079523025715
ID859,B,2416.8181348224334,390.7272429621534,7238.701556648164
ID313,C,2391.0366607215556,412.8029444143975,52.785802563231925
ID332,B,2301.7511175668797,408.5184760704639,7140.854208197296
ID253,B,2697.256880198516,406.09379537239033,8155.886545177611
ID457,A,2178.8863504853575,402.25509206013936,7502.193733327915
ID183,A,2507.2872925475795,421.3797261118744,8176.468129584419
ID617,A,2545.6921495430743,390.9959806618519,7776.686269525017
ID703,A,2451.7627149206905,416.14435367158734,7782.460713313565
ID398,B,2550.671255847485,397.27065266324115,7606.85133726664
ID734,B,2449.5591566974467,411.7367157615122,7550.775179454567
ID665,B,2829.8810989185486,394.45365676315976,8385.765467145762
ID847,B,2879.4908735463673,403.0388026684835,7975.530007131879
ID129,A,2580.288813322683,394.8948170957519,7813.7906357831325
ID201,A,2802.616440584905,375.1078001942927,8687.014722070964
ID804,B,2659.2428688746513,396.17822465982425,8226.35933340919
ID375,A,2996.05182879516,398.69494263544146,9778.061111814108
ID650,B,2230.0168318924625,368.28502211140744,6534.610152930512
ID863,C,2547.6396212959544,372.3507041847747,348.7962762336884
ID655,C,2429.4948705203246,410.27476657260826,872.5026853841464
ID237,C,1867.8835438902975,405.22353978582066,1257.1162491722355
ID627,B,2357.458507956916,417.9142406133266,6600.244432032851
ID115,B,1755.9413995604375,411.0781980729307,5643.782040178141
ID208,A,2635.874465928984,375.3264985501175,8402.229294640254
ID676,B,2371.687329260406,400.81957589928766,7436.972283831542
ID421,C,2622.417491307997,399.12123774380905,743.3251983745647
ID864,A,2358.2446812921144,416.51757120429147,6953.2875743839395
ID717,B,1692.2172694884816,431.652178681902,6402.732965115141
ID362,C,2285.375953374469,414.3587567712838,907.6081910873556
ID593,B,2865.5365137235985,380.08045052594713,8414.106907480127
ID297,A,2257.297400768458,406.1926664509372,7213.698625150867
ID491,A,2767.6796775926637,403.64306102705257,9002.88301000908
ID290,C,2432.8361890029787,401.75174591615615,315.86950689555397
ID832,A,3103.8914213836615,400.5829758682664,9759.78670989
ID246,A,2162.898951387124,388.20651478019124,6782.110633355225
ID522,C,2285.892502370419,415.4430723253226,714.1326461765121
ID296,A,2202.877000225995,410.22072019126693,7067.0901624045055
ID258,C,1761.4462700227646,416.4693826661305,1059.3109620934
ID196,A,2446.425465431592,379.66793078099624,8155.78327734939
ID473,A,2467.3867724091915,389.4734249898883,8442.69798418368
ID621,B,2012.682474264914,369.8454075522663,7007.351366749106
ID877,B,2197.262162616651,445.6370819279589,7136.31953889448
ID648,C,2225.730544027983,405.23418518468435,981.290810117114
ID465,B,2248.049017842458,396.0077658693237,7005.154843065995
ID477,C,3079.7251118134427,405.32235196118677,-249.71300148369642
ID171,C,2597.867533903516,410.42440180942333,373.6870746335235
ID508,A,2839.671116355674,430.3428169298055,8761.604901688728
ID263,A,2444.0931052156393,391.67601429615627,7506.59071540909
ID121,A,2518.667296604313,398.7957059716839,8319.53838561812
ID649,C,2781.3260796393297,380.7225212421157,-212.07367789625226
ID324,A,2138.829732990191,407.43784893943723,6814.579432103372
ID701,C,2777.8679835750304,380.76467900361246,-246.46934118974164
ID638,C,2210.911474057712,393.223082019023,930.3107014025313
ID240,A,2295.9898380528775,407.86743332813575,6798.895468157732
ID512,C,2347.195094324833,409.04251642004823,306.79258163664434
ID475,C,2442.2110289161496,398.2217404915052,545.1148057552352
ID787,C,2458.8096375831014,359.92328336089764,422.0167999464338
ID143,A,2558.5534447367636,391.5393702808715,8356.021253747896
ID287,B,2409.136717815565,385.64743483790056,6808.815162856607
ID217,B,2711.1139002418086,411.13471289514007,8347.224578633384
ID210,B,2804.7554240518284,402.1962521486868,7969.7537864290325
ID868,A,2364.5280829586427,400.6028806089246,7681.385799664622
ID695,B,2591.8550915007268,372.6794330148212,7361.199407084289
ID568,B,2222.02444083081,390.71821797786873,7050.965152739953
ID549,C,2657.838295950516,414.75148704129936,212.1305778226854
ID677,C,2937.1991406037523,422.62555975841025,216.8633153246067
ID340,B,2908.1311746623155,438.9401022563439,8192.699724523702
ID403,B,2755.7992244109146,395.7303701474294,8445.882666342295
ID400,C,2340.2533082348477,407.7170034541045,980.5030429166446
ID716,C,2954.692518567519,400.0345940882794,-380.0852011547287
ID546,A,2775.687669685258,374.1317569531807,9102.717635935835
ID177,B,2671.3880441096335,408.0992550195855,8273.8288989686
ID221,C,2961.0574998748853,413.8153200599362,99.91000868498249
ID790,A,2534.934702237071,420.09609602947637,7783.2498113325955
ID354,C,3095.49911766089,397.9328644754754,190.9593526539816
ID372,C,2936.852575736339,377.0334129459285,5.131772131954813
ID435,B,2760.2710028211345,400.2236219324758,8046.8117236591825
ID244,A,2710.478026770654,390.46723376274474,9065.615672993326
ID691,B,2378.1298866107113,373.8206952511975,7226.618639316008
ID104,A,2289.7677266799906,393.4776129773083,7810.628447412618
ID291,C,2444.8469612783456,395.05669693705823,461.77345130294333
ID471,A,2135.1434404350393,386.07472508721787,6479.233885925279
ID359,A,2121.0368016090492,416.2739630848454,6847.555653439805
ID797,C,2764.939805091971,385.2318458866122,577.6551491126855
ID487,C,1651.4674517182607,385.8588291333286,1689.0367417534032
ID566,C,2852.9474333018943,405.58417813555695,282.4411757425578
ID515,B,2647.1615497722005,414.5877925755384,8233.45552769215
ID185,C,1972.7112988574982,402.36525578882566,935.511511521192
ID214,B,2529.2039034266113,392.2540524910786,7217.2147477485905
ID197,C,2860.817085808775,393.32897430753076,267.0167236870021
ID570,A,2276.018820023805,401.3822319575288,7710.76995240116
ID656,B,2801.555455945785,414.25653221862484,8212.846673564783
ID468,A,2639.0793783552035,396.4426531631845,8451.085811283683
ID637,A,2482.2388215814935,415.9470129826077,7871.73455770896
ID431,A,2226.9815995518293,392.744120853779,7367.580248263792
ID308,A,2254.3509591559036,412.60747517055677,7132.060344964953
ID347,A,1973.052665929658,427.0212090785274,6220.444674122426
ID247,A,2125.7787962312855,379.83941842962173,7064.986495854249
ID782,B,2295.6607746219966,390.34087620069374,7016.458308750062
ID353,C,2586.6749993255225,400.52209689374024,-45.63253288482082
ID750,C,2493.0536104494363,396.77800364456743,353.7395716561238
ID489,A,2368.521988656336,399.1217265868389,7960.909684725626
ID849,C,2917.6674506546506,400.7966129092745,-421.4547996144304
ID370,B,2122.5010138753487,409.1218197839786,6558.940847014844
ID454,B,2329.812994490035,385.71162324332073,6808.154773508619
ID679,C,2733.365233988397,400.37062402877854,173.69713272034434
ID341,B,2796.371435921834,407.37640956108254,8522.758641004919
ID285,B,2054.59965702754,400.24061927569,6701.5292952023965
ID810,A,2724.3362085137414,386.9281986523674,8762.914145615188
ID230,C,2768.62461484477,395.5106919873655,-387.7129125577534
ID261,C,2481.0014226166904,389.54714612515926,139.21442833395756
ID837,B,2920.7618123390957,372.8074591413106,7811.319239641997
ID223,A,2124.214993681876,395.2116094996668,7051.863274422737
ID326,B,1786.9823469336495,402.3514534819346,5802.161468709861
ID784,B,2590.0137713674753,382.8406156384702,7685.0236984105495
ID602,C,2570.6720685407454,399.18248459061215,303.1210307020224
ID339,A,2357.4677121519326,393.6163027681787,8160.034206578912
ID228,A,2447.693258707472,396.4525236335971,7612.893359326617
ID172,B,2360.9127320692146,404.0811794080244,7411.435988833531
ID202,B,2194.827575662783,380.8535313624235,6861.247458029506
ID407,B,1756.0654195372504,401.7466140148086,6182.943581776285
ID839,B,2190.550195255193,403.1166099484131,7016.849391648712
ID749,B,3061.753485557573,380.2617231657223,8523.869188497094
ID811,C,2541.5245236353758,420.82778914220825,-161.63568355633657
ID315,C,2478.113889645501,419.6360184038205,331.9867172625108
ID893,A,2501.9128872913384,393.3303983474345,8077.543392889768
ID505,A,2381.410329305708,412.3155376338108,7940.429887808739
ID531,C,2651.570602530919,393.8973037557294,609.1007604409892
ID260,B,2218.1203195472694,392.60409125286856,7120.0694691216595
ID227,B,2335.513540503621,401.90624125662123,7075.975236092719
ID518,B,2642.761065048462,430.60074888995445,8435.994039393798
ID410,B,3188.3821611852895,404.0282453486454,9104.078138280604
ID540,A,2317.6719745440537,409.3077034403027,7624.983417043939
ID141,A,3193.7680224539654,398.2762365510694,10444.804613337381
ID541,C,2158.241007207675,389.28932899009686,138.88408102849525
ID533,B,3105.603473443371,387.9202278270512,8633.521376024117
ID482,B,2664.8784686165145,395.9279777931072,7393.258640702067
ID842,C,2108.0415357461115,392.4052247735345,733.2361597352907
ID130,C,2371.1468595621272,419.83273422962844,237.74799832820977
ID299,C,3061.1097384658906,407.6720579615213,-598.5185885743056
ID753,A,2470.2056662263503,385.8616609134056,7213.309505715012
ID536,B,2094.79075493012,414.51112746930545,6608.154069589019
ID862,C,2490.594334892826,406.72201768155895,294.9877648416428
ID248,C,2712.3745778546217,403.26530377841584,-256.55741490866995
ID884,C,2228.348643977294,409.5590393895018,1093.5847806033987
ID511,C,2319.1726634451657,395.7436711515354,899.8313757611684
ID580,C,2690.24614105629,412.97754428044436,215.69604567158328
ID581,A,2965.4455660293224,441.3370229463985,8938.590775255772
ID358,C,2617.144921027317,416.9231974540163,557.1254573155085
ID395,A,2470.1529564924467,386.00792787932767,7731.233369275312
ID288,A,3060.7177134776034,386.655640773307,9990.885539719433
ID472,C,2674.9989439615892,413.64767852549767,-214.12380579125613
ID402,B,3139.79096366167,387.5908740672275,8483.561202136872
ID628,B,2369.8700029454385,413.72947113568756,6897.867442366425
ID885,B,2204.2108692893507,411.3392284152896,6155.252525782992
ID791,C,2689.160259697209,393.2650036846091,182.20041411610077
ID865,B,2892.855839467103,414.1968710834327,8433.03027543129
ID399,A,2759.063078716106,409.2218568665268,8554.226454538899
ID844,B,1978.2101193945377,408.05916510212376,6741.225214275944
ID198,B,2624.2490378949906,397.94003192162006,7981.203836627431
ID775,A,2479.050904194251,393.1381074287664,7840.872184828046
ID401,C,2682.8131744730435,386.90554464878227,713.7094148992169
ID394,B,2521.5079268347786,394.3869849767318,6883.214919559767
ID318,C,2870.1302530469657,383.0709325967557,-28.004756285169876
ID416,C,2645.9038441710704,396.48368109622135,821.6293886645593
ID114,B,2148.57389945711,412.01650635465796,6491.164325419297
ID817,B,2826.2143988494113,420.16921914668626,8146.358889511189
ID553,A,2636.1770819661515,401.0205935728718,8452.697076058728
ID776,B,2438.079481006649,399.82788795897306,7802.078250827912
ID458,C,2398.3893336286324,422.8311399330993,34.252309284936175
ID604,A,2730.201334999016,417.18991518167695,8639.272829557434
ID822,B,1925.7363387772457,397.03982166611877,6587.812442423744
ID747,C,2585.0613181174767,386.2045015822713,24.59799646406235
ID548,B,2225.808408748115,397.04260768776066,7252.339112700113
ID259,B,2491.2693958753125,372.217281921614,7841.966902892628
ID786,C,2568.8589103500767,401.9818015425593,-322.295760310421
ID894,C,2611.4429812968183,396.45224630543015,340.55801343823504
ID496,A,2769.719059219706,388.3233312871185,9549.44437265875
ID294,C,2712.1699035027955,408.75853447810056,71.43602897787397
ID897,B,2381.7084752783294,404.1231796035008,7542.0877246438195
ID462,B,2279.6839375633413,408.5384356414825,6829.553009451166
ID651,C,2187.7442687692796,388.33562127297057,270.8990189588935
ID236,C,2618.3979775519488,406.8613222858873,558.8543646532037
ID506,C,2236.6417182730556,421.8065171572802,826.9673512888178
ID342,A,2001.505630798284,420.644917094794,6435.650394035807
ID206,C,2821.946969715317,392.945487722188,82.76981266305552
ID815,B,2405.2073629536994,389.76964529020154,7256.461875994221
ID503,C,2499.886432977581,415.64711038483705,324.21423816683944
ID381,C,2241.225484441559,412.6886476171267,442.72207923645016
ID622,B,1996.3810869516406,375.35387032260974,6793.777928230825
ID895,A,2067.6578422892935,413.4980596728613,7110.969020034866
ID567,B,2179.9362784002014,384.2424426510691,6479.67195499449
ID606,B,1935.349454488581,397.98085193536974,6065.4215743388395
ID590,A,2810.251985092621,377.4424531198535,8891.049951902945
ID249,A,2823.7362195958926,410.58892282535516,8806.546173538192
ID659,C,2837.8299142255005,390.6693373299104,-120.62057660294994
ID181,A,2341.4611088063734,389.07836224708313,8019.358603936501
ID225,B,2726.7934687282477,404.75206938651087,8096.81786982498
ID234,B,2131.7245372411708,423.0184991633983,6764.636341004801
ID560,C,2780.4094900307427,404.5624272876558,2.580897881925246
ID218,B,2843.58798256041,380.0198091874762,8070.776203765916
ID813,C,2932.574349233206,421.52205422399317,-167.74137942472245
ID613,C,2375.124582693663,411.99666273793605,193.46210584759154
ID803,B,2747.5612301336137,401.1712817004519,7645.596025735767
ID453,A,3100.175903419547,414.3817042003211,9544.824471306876
ID514,A,2389.225669852359,383.76436966721496,7374.14162796422
ID770,B,2266.65221840828,379.4488782638938,6624.50028395411
ID151,A,2094.504170547699,416.3110837878196,6847.603527271866
ID408,A,2592.9826921599542,377.74996439669496,9117.019700505545
ID573,A,2283.8282210136113,378.38067936640147,7382.811023070849
ID830,A,2253.9123036735446,397.61849765664556,7602.024579160127
ID887,A,2496.7663713496045,420.6251185763074,7733.6516696021645
ID163,B,2744.0987044823346,388.2310225746596,8103.4267916659055
ID537,B,3047.3065914632116,388.20633905215675,8919.589337401134
ID587,C,2151.956028294264,392.71919026811776,703.9060113699963
ID756,A,2903.7199222727063,383.61556031336505,9127.303676490432
ID754,A,2466.129390671539,396.2885497693551,7504.218705857314
ID544,C,2503.1945772101526,372.2782964228129,441.3088136820727
ID188,A,2519.4123427682766,407.6302669922016,8026.159408595794
ID200,B,2352.190894177134,402.06520933063956,6652.1192649899795
ID317,B,2125.5774637776044,402.69757615234914,6372.2466341587
ID634,A,2459.447680228131,396.36862681563514,7511.252264530929
ID302,A,2809.251577953928,388.16763238617665,9105.602021978413
ID551,A,2505.998413834303,391.11850970959625,8144.666177164814
ID846,C,2589.097859304534,408.1230430223086,692.0361851138875
ID149,A,2126.511228369624,406.822229710237,6945.747308313922
ID350,A,2952.055005777396,388.0639945564755,9426.202549156094
ID773,C,2400.6843932401043,408.6364148323404,415.73289909904923
ID497,C,2152.1473277404666,414.4440305595793,1053.8881251034725
ID451,A,2818.6984890764907,424.3515154164043,9132.404130555105
ID364,C,2742.6798181679546,398.27463219914966,342.0802975972038
ID424,A,3129.971095420173,390.24749195043154,10316.863686552817
ID694,A,2322.2963287274683,395.28788510446464,7485.51344406599
ID268,C,2699.418581154289,385.3814370211361,339.35824817070335
ID845,C,2538.2431242579764,410.3340001692932,1214.1114591114174
ID759,C,2107.2268617915247,389.33563339447824,947.9908187856855
ID821,B,2888.0613923550286,415.9351292015146,7780.959915362861
ID106,C,2884.767182612877,410.4037248613383,-347.80499462475757
ID486,B,2799.837457533143,426.16468744587075,8393.257547455543
ID470,B,2222.5822182763773,408.8109411139173,6906.220914817893
ID226,B,2531.52090444142,419.7303192834054,7898.615879353274
ID528,C,2758.4130986112855,393.0610191633781,4.3015114773069385
ID896,C,2406.5980656351185,389.9697516850182,482.4057319784052
ID757,A,2490.5449930096775,422.8610228959086,7967.462771561563
ID357,B,2664.94264171254,399.2118396728407,8068.144742903228
ID269,B,2303.9134463453934,402.1657700412236,7645.350260192841
ID157,A,2753.3480292639856,407.584527479173,8690.24379316928
ID603,C,2696.433914429429,396.7798953416087,337.71574123950256
ID446,C,2091.3695946959533,412.20089503776774,384.7856868719956
ID191,A,2904.8569321089776,412.1402269670822,9405.237594383227
ID657,A,2695.5395927972677,410.35709494946354,8766.601294635968
ID682,B,2435.2593303492945,407.567730816154,7365.915765885182
ID510,A,2682.34893447995,385.2082715097401,8712.99075185111
ID598,C,2644.347629169317,374.02874383746325,86.08521851076169
ID646,A,2285.8584959615673,364.05824068052846,7291.01645558107
ID733,A,2417.683810545598,412.5191048583498,8018.858745791262
ID295,C,2041.7093195461168,385.7637511949287,1049.258130720575
ID597,A,2761.8077125085615,383.128271676061,9144.463547719426
ID383,A,2743.4591807664106,422.06109948209837,8672.956182394248
ID432,B,2492.720379129887,393.3446789702674,7239.451901116915
ID658,A,2359.0361812948386,413.3495477786561,7603.380065364946
ID525,B,2308.8566997341013,394.9026476230766,7082.185406093201
ID173,A,2270.699544195542,380.37915623978256,7275.448016007418
ID250,B,2360.5340982660064,405.87745440472014,7402.680213382011
ID564,A,2344.7740184337745,399.9910776112286,7522.44847753765
ID871,B,2824.9649819671604,424.9814323269516,8302.268190044884
ID333,A,2807.6163408561238,398.7288180524736,8900.267022261889
ID639,C,2611.404545795991,357.9317193888197,692.4541146705259
ID740,A,2659.3738152088054,372.778089354503,9349.21876244615
ID640,B,2637.7558935253564,394.5164017519703,7345.745044738284
ID899,A,2560.130755501963,384.00612032434833,8045.382500278403
ID818,B,2500.7896128881844,402.48711344565,7546.9080620844015
ID180,A,2838.7994438327114,382.9115412823059,8894.801352666762
ID745,A,2705.83403188927,389.79699035696757,8873.309577334494
ID331,B,2366.7444106694393,410.970818225064,7245.359442876298
ID366,A,2381.4729735927012,394.47178579354073,7577.098187990092
ID418,C,2831.482633877726,409.23701629194295,8.819365396422178
ID732,B,2874.9857382794066,422.4680662657729,8326.348259808048
ID319,A,2441.8458013117347,381.8287059405649,8273.438092433384
